{"schemaVersion":"1.0","appDefinitionTemplate":{"id":"/providers/Microsoft.PowerApps/apps/","type":"Microsoft.PowerApps/apps","tags":{"primaryDeviceWidth":"1366","primaryDeviceHeight":"768","supportsPortrait":"true","supportsLandscape":"true","primaryFormFactor":"Tablet","showStatusBar":"false","publisherVersion":"3.23075.15","minimumRequiredApiVersion":"2.2.0","hasComponent":"false","hasUnlockedComponent":"false","isUnifiedRootApp":"false","sienaVersion":"20230815T121100Z-3.23075.15.0"},"properties":{"appVersion":"2023-08-15T12:11:00Z","lifeCycleId":"Published","createdByClientVersion":{"major":3,"minor":23075,"build":15,"revision":0,"majorRevision":0,"minorRevision":0},"minClientVersion":{"major":3,"minor":23075,"build":15,"revision":0,"majorRevision":0,"minorRevision":0},"backgroundColor":"RGBA(0,176,240,1)","backgroundImageUri":"/18331329994768952348/Nc17e3ccf-e2f6-4ff1-9854-488b55a8aea9-logoSmallFile","displayName":"Project Tracker","description":"","commitMessage":"","appUris":{"documentUri":{"value":"/18331329994768952348/Nd2f6efd1-3797-4d1a-a7d5-89c323ddc9a7-document.msapp"},"imageUris":[],"additionalUris":[]},"createdTime":"0001-01-01T00:00:00Z","lastModifiedTime":"0001-01-01T00:00:00Z","sharedGroupsCount":0,"sharedUsersCount":0,"connectionReferences":{},"databaseReferences":{"default.cds":{"databaseDetails":{"referenceType":"Environmental","environmentName":"default.cds","overrideValues":{"status":"NotSpecified"}},"dataSources":{"Projects":{"entitySetName":"cr0a2_projectses","logicalName":"cr0a2_projects"},"Accounts":{"entitySetName":"accounts","logicalName":"account"},"Project Tasks":{"entitySetName":"cr0a2_projecttaskses","logicalName":"cr0a2_projecttasks"},"Users":{"entitySetName":"systemusers","logicalName":"systemuser"}},"actions":["providers/PowerPlatform.Governance/Operations/Read","providers/PowerPlatform.Governance/Operations/Write"]}},"almMode":"Environment","performanceOptimizationEnabled":true,"canConsumeAppPass":true,"enableModernRuntimeMode":false,"executionRestrictions":{"isTeamsOnly":false,"dataLossPreventionEvaluationResult":{"status":"Compliant","lastEvaluationDate":"2023-08-15T09:54:14.9931357Z","violations":[],"violationsByPolicy":[],"violationErrorMessage":"The app uses the following connectors: shared_commondataservice."}}},"appType":"ClassicCanvasApp","appComponents":[]}}